[
    {
        "name": "Europe",
        "countryCodes": [
            "FRA",
            "GEO",
            "DEU",
            "GIB",
            "GRC",
            "VAT",
            "HUN",
            "ISL",
            "IRL",
            "ITA",
            "KAZ",
            "LVA",
            "LIE",
            "LTU",
            "LUX",
            "MLT",
            "MCO",
            "MDA",
            "MNE",
            "NLD",
            "NOR",
            "POL",
            "PRT",
            "ROU",
            "RUS",
            "SMR",
            "SRB",
            "SVK",
            "SVN",
            "ESP",
            "SJM",
            "SWE",
            "CHE",
            "TUR",
            "UKR",
            "MKD",
            "GBR",
            "GGY",
            "JEY",
            "IMN"
        ]
    },
    {
        "name": "Asia",
        "countryCodes": [
            "CHN",
            "IND",
            "JPN",
            "KOR",
            "THA",
            "VNM",
            "PHL",
            "IDN",
            "MYS",
            "SGP",
            "MMR",
            "KHM",
            "LAO",
            "BGD",
            "PAK",
            "LKA",
            "NPL",
            "BTN",
            "MNG",
            "KAZ"
        ]
    },
    {
        "name": "Africa",
        "countryCodes": [
            "NGA",
            "ETH",
            "EGY",
            "ZAF",
            "KEN",
            "TZA",
            "UGA",
            "GHA",
            "MOZ",
            "MDG",
            "CMR",
            "CIV",
            "NER",
            "BFA",
            "MLI",
            "AGO",
            "MAR",
            "DZA",
            "TUN",
            "LBY"
        ]
    },
    {
        "name": "South America",
        "countryCodes": [
            "BRA",
            "ARG",
            "BOL",
            "BRA",
            "CHL",
            "COL",
            "ECU",
            "FLK",
            "GUF",
            "GUY",
            "PRY",
            "PER",
            "SUR",
            "URY",
            "VEN"
        ]
    },
    {
        "name": "North America",
        "countryCodes": [
            "USA",
            "CAN",
            "MEX",
            "GTM",
            "CUB",
            "DMA",
            "DOM",
            "GRD",
            "GLP",
            "HTI",
            "JAM",
            "MTQ",
            "MSR",
            "CUW",
            "ABW",
            "SXM",
            "BES",
            "PRI",
            "BLM",
            "KNA",
            "AIA",
            "LCA",
            "MAF",
            "VCT",
            "TTO",
            "TCA",
            "VIR"
        ]
    },
    {
        "name": "Middle East",
        "countryCodes": [
            "BHR",
            "PSE",
            "IRN",
            "IRQ",
            "ISR",
            "JOR",
            "KWT",
            "LBN",
            "OMN",
            "QAT",
            "SAU",
            "SYR",
            "ARE",
            "TUR",
            "YEM"
        ]
    },
    {
        "name": "Western Africa",
        "countryCodes": [
            "CPV",
            "BEN",
            "GMB",
            "GHA",
            "GIN",
            "CIV",
            "LBR",
            "MLI",
            "MRT",
            "NER",
            "NGA",
            "GNB",
            "SEN",
            "SLE",
            "TGO",
            "BFA"
        ]
    },
    {
        "name": "Eastern Africa",
        "countryCodes": [
            "IOT",
            "BDI",
            "COM",
            "MYT",
            "ETH",
            "ERI",
            "DJI",
            "KEN",
            "MDG",
            "MWI",
            "MUS",
            "MOZ",
            "REU",
            "RWA",
            "SYC",
            "SOM",
            "SSD",
            "UGA",
            "TZA"
        ]
    },
    {
        "name": "Central Africa",
        "countryCodes": [
            "AGO",
            "CMR",
            "CAF",
            "TCD",
            "COG",
            "COD",
            "GNQ",
            "GAB",
            "STP"
        ]
    },
    {
        "name": "Southern Africa",
        "countryCodes": [
            "LSO",
            "NAM",
            "SHN",
            "ZAF",
            "ZWE",
            "SWZ",
            "ZMB"
        ]
    },
    {
        "name": "Northern Africa",
        "countryCodes": [
            "DZA",
            "LBY",
            "MAR",
            "SDN",
            "TUN",
            "EGY"
        ]
    },
    {
        "name": "Central America",
        "countryCodes": [
            "BLZ",
            "CRI",
            "SLV",
            "GTM",
            "HND",
            "NIC",
            "PAN"
        ]
    },
    {
        "name": "Caribbean",
        "countryCodes": [
            "CUB",
            "JAM",
            "HTI",
            "DOM",
            "TTO",
            "BHS",
            "BRB",
            "LCA",
            "VCT",
            "GRD",
            "ATG",
            "DMA",
            "KNA",
            "TCA",
            "ABW",
            "CUW",
            "SXM",
            "BES"
        ]
    },
    {
        "name": "Oceania",
        "countryCodes": [
            "AUS",
            "NZL",
            "FJI",
            "PNG",
            "SLB",
            "VUT",
            "NCL",
            "PYF",
            "TON",
            "WSM",
            "KIR",
            "TUV",
            "NRU",
            "PLW",
            "FSM",
            "MHL",
            "COK",
            "NIU"
        ]
    }
]
